{
  "hash": "a94b8940",
  "configHash": "1639971e",
  "lockfileHash": "617652a2",
  "browserHash": "246c84ba",
  "optimized": {
    "@astrojs/react/client.js": {
      "src": "../../@astrojs/react/dist/client.js",
      "file": "@astrojs_react_client__js.js",
      "fileHash": "c9394939",
      "needsInterop": false
    },
    "react": {
      "src": "../../react/index.js",
      "file": "react.js",
      "fileHash": "62db8b34",
      "needsInterop": true
    },
    "react-dom": {
      "src": "../../react-dom/index.js",
      "file": "react-dom.js",
      "fileHash": "6915c783",
      "needsInterop": true
    },
    "react/jsx-dev-runtime": {
      "src": "../../react/jsx-dev-runtime.js",
      "file": "react_jsx-dev-runtime.js",
      "fileHash": "37058f7f",
      "needsInterop": true
    },
    "react/jsx-runtime": {
      "src": "../../react/jsx-runtime.js",
      "file": "react_jsx-runtime.js",
      "fileHash": "b030f837",
      "needsInterop": true
    },
    "astro > cssesc": {
      "src": "../../cssesc/cssesc.js",
      "file": "astro___cssesc.js",
      "fileHash": "efc88571",
      "needsInterop": true
    },
    "astro > aria-query": {
      "src": "../../aria-query/lib/index.js",
      "file": "astro___aria-query.js",
      "fileHash": "dd82b193",
      "needsInterop": true
    },
    "astro > axobject-query": {
      "src": "../../axobject-query/lib/index.js",
      "file": "astro___axobject-query.js",
      "fileHash": "f7ca3c91",
      "needsInterop": true
    },
    "@radix-ui/react-accordion": {
      "src": "../../@radix-ui/react-accordion/dist/index.mjs",
      "file": "@radix-ui_react-accordion.js",
      "fileHash": "24d7212f",
      "needsInterop": false
    },
    "@radix-ui/react-alert-dialog": {
      "src": "../../@radix-ui/react-alert-dialog/dist/index.mjs",
      "file": "@radix-ui_react-alert-dialog.js",
      "fileHash": "1123389a",
      "needsInterop": false
    },
    "@radix-ui/react-aspect-ratio": {
      "src": "../../@radix-ui/react-aspect-ratio/dist/index.mjs",
      "file": "@radix-ui_react-aspect-ratio.js",
      "fileHash": "e30c2f91",
      "needsInterop": false
    },
    "@radix-ui/react-avatar": {
      "src": "../../@radix-ui/react-avatar/dist/index.mjs",
      "file": "@radix-ui_react-avatar.js",
      "fileHash": "a0b40a7a",
      "needsInterop": false
    },
    "@radix-ui/react-checkbox": {
      "src": "../../@radix-ui/react-checkbox/dist/index.mjs",
      "file": "@radix-ui_react-checkbox.js",
      "fileHash": "caef9fed",
      "needsInterop": false
    },
    "@radix-ui/react-collapsible": {
      "src": "../../@radix-ui/react-collapsible/dist/index.mjs",
      "file": "@radix-ui_react-collapsible.js",
      "fileHash": "ffea981e",
      "needsInterop": false
    },
    "@radix-ui/react-context-menu": {
      "src": "../../@radix-ui/react-context-menu/dist/index.mjs",
      "file": "@radix-ui_react-context-menu.js",
      "fileHash": "1337e1b2",
      "needsInterop": false
    },
    "@radix-ui/react-dialog": {
      "src": "../../@radix-ui/react-dialog/dist/index.mjs",
      "file": "@radix-ui_react-dialog.js",
      "fileHash": "48bada0c",
      "needsInterop": false
    },
    "@radix-ui/react-dropdown-menu": {
      "src": "../../@radix-ui/react-dropdown-menu/dist/index.mjs",
      "file": "@radix-ui_react-dropdown-menu.js",
      "fileHash": "79463355",
      "needsInterop": false
    },
    "@radix-ui/react-hover-card": {
      "src": "../../@radix-ui/react-hover-card/dist/index.mjs",
      "file": "@radix-ui_react-hover-card.js",
      "fileHash": "2a52192a",
      "needsInterop": false
    },
    "@radix-ui/react-label": {
      "src": "../../@radix-ui/react-label/dist/index.mjs",
      "file": "@radix-ui_react-label.js",
      "fileHash": "b293f824",
      "needsInterop": false
    },
    "@radix-ui/react-menubar": {
      "src": "../../@radix-ui/react-menubar/dist/index.mjs",
      "file": "@radix-ui_react-menubar.js",
      "fileHash": "458ff84b",
      "needsInterop": false
    },
    "@radix-ui/react-navigation-menu": {
      "src": "../../@radix-ui/react-navigation-menu/dist/index.mjs",
      "file": "@radix-ui_react-navigation-menu.js",
      "fileHash": "feb323a8",
      "needsInterop": false
    },
    "@radix-ui/react-popover": {
      "src": "../../@radix-ui/react-popover/dist/index.mjs",
      "file": "@radix-ui_react-popover.js",
      "fileHash": "f2127e13",
      "needsInterop": false
    },
    "@radix-ui/react-progress": {
      "src": "../../@radix-ui/react-progress/dist/index.mjs",
      "file": "@radix-ui_react-progress.js",
      "fileHash": "3f29e506",
      "needsInterop": false
    },
    "@radix-ui/react-radio-group": {
      "src": "../../@radix-ui/react-radio-group/dist/index.mjs",
      "file": "@radix-ui_react-radio-group.js",
      "fileHash": "6b33ddb0",
      "needsInterop": false
    },
    "@radix-ui/react-scroll-area": {
      "src": "../../@radix-ui/react-scroll-area/dist/index.mjs",
      "file": "@radix-ui_react-scroll-area.js",
      "fileHash": "b2591ab3",
      "needsInterop": false
    },
    "@radix-ui/react-select": {
      "src": "../../@radix-ui/react-select/dist/index.mjs",
      "file": "@radix-ui_react-select.js",
      "fileHash": "df7784ba",
      "needsInterop": false
    },
    "@radix-ui/react-separator": {
      "src": "../../@radix-ui/react-separator/dist/index.mjs",
      "file": "@radix-ui_react-separator.js",
      "fileHash": "8a0d0e3f",
      "needsInterop": false
    },
    "@radix-ui/react-slider": {
      "src": "../../@radix-ui/react-slider/dist/index.mjs",
      "file": "@radix-ui_react-slider.js",
      "fileHash": "09380352",
      "needsInterop": false
    },
    "@radix-ui/react-slot": {
      "src": "../../@radix-ui/react-slot/dist/index.mjs",
      "file": "@radix-ui_react-slot.js",
      "fileHash": "54f1947e",
      "needsInterop": false
    },
    "@radix-ui/react-switch": {
      "src": "../../@radix-ui/react-switch/dist/index.mjs",
      "file": "@radix-ui_react-switch.js",
      "fileHash": "f7ced037",
      "needsInterop": false
    },
    "@radix-ui/react-tabs": {
      "src": "../../@radix-ui/react-tabs/dist/index.mjs",
      "file": "@radix-ui_react-tabs.js",
      "fileHash": "8fb1083a",
      "needsInterop": false
    },
    "@radix-ui/react-toggle": {
      "src": "../../@radix-ui/react-toggle/dist/index.mjs",
      "file": "@radix-ui_react-toggle.js",
      "fileHash": "3ebcc8a4",
      "needsInterop": false
    },
    "@radix-ui/react-toggle-group": {
      "src": "../../@radix-ui/react-toggle-group/dist/index.mjs",
      "file": "@radix-ui_react-toggle-group.js",
      "fileHash": "bb558544",
      "needsInterop": false
    },
    "@radix-ui/react-tooltip": {
      "src": "../../@radix-ui/react-tooltip/dist/index.mjs",
      "file": "@radix-ui_react-tooltip.js",
      "fileHash": "dc755083",
      "needsInterop": false
    },
    "class-variance-authority": {
      "src": "../../class-variance-authority/dist/index.mjs",
      "file": "class-variance-authority.js",
      "fileHash": "e387bf0e",
      "needsInterop": false
    },
    "clsx": {
      "src": "../../clsx/dist/clsx.mjs",
      "file": "clsx.js",
      "fileHash": "a922e075",
      "needsInterop": false
    },
    "cmdk": {
      "src": "../../cmdk/dist/index.mjs",
      "file": "cmdk.js",
      "fileHash": "285bfe12",
      "needsInterop": false
    },
    "embla-carousel-react": {
      "src": "../../embla-carousel-react/esm/embla-carousel-react.esm.js",
      "file": "embla-carousel-react.js",
      "fileHash": "ce5b0078",
      "needsInterop": false
    },
    "framer-motion": {
      "src": "../../framer-motion/dist/es/index.mjs",
      "file": "framer-motion.js",
      "fileHash": "14afa676",
      "needsInterop": false
    },
    "input-otp": {
      "src": "../../input-otp/dist/index.mjs",
      "file": "input-otp.js",
      "fileHash": "f3b84daf",
      "needsInterop": false
    },
    "lucide-react": {
      "src": "../../lucide-react/dist/esm/lucide-react.js",
      "file": "lucide-react.js",
      "fileHash": "548e796e",
      "needsInterop": false
    },
    "next-themes": {
      "src": "../../next-themes/dist/index.mjs",
      "file": "next-themes.js",
      "fileHash": "dc2c5252",
      "needsInterop": false
    },
    "react-day-picker": {
      "src": "../../react-day-picker/dist/esm/index.js",
      "file": "react-day-picker.js",
      "fileHash": "2365d576",
      "needsInterop": false
    },
    "react-hook-form": {
      "src": "../../react-hook-form/dist/index.esm.mjs",
      "file": "react-hook-form.js",
      "fileHash": "0ac517ec",
      "needsInterop": false
    },
    "react-resizable-panels": {
      "src": "../../react-resizable-panels/dist/react-resizable-panels.browser.development.js",
      "file": "react-resizable-panels.js",
      "fileHash": "60b97323",
      "needsInterop": false
    },
    "recharts": {
      "src": "../../recharts/es6/index.js",
      "file": "recharts.js",
      "fileHash": "e7491dcd",
      "needsInterop": false
    },
    "sonner": {
      "src": "../../sonner/dist/index.mjs",
      "file": "sonner.js",
      "fileHash": "37b8f780",
      "needsInterop": false
    },
    "swiper/modules": {
      "src": "../../swiper/modules/index.mjs",
      "file": "swiper_modules.js",
      "fileHash": "72455e29",
      "needsInterop": false
    },
    "swiper/react": {
      "src": "../../swiper/swiper-react.mjs",
      "file": "swiper_react.js",
      "fileHash": "7c500eed",
      "needsInterop": false
    },
    "tailwind-merge": {
      "src": "../../tailwind-merge/dist/bundle-mjs.mjs",
      "file": "tailwind-merge.js",
      "fileHash": "672c4764",
      "needsInterop": false
    },
    "vaul": {
      "src": "../../vaul/dist/index.mjs",
      "file": "vaul.js",
      "fileHash": "547d93ac",
      "needsInterop": false
    }
  },
  "chunks": {
    "chunk-3HO4OSYH": {
      "file": "chunk-3HO4OSYH.js"
    },
    "chunk-U7P2NEEE": {
      "file": "chunk-U7P2NEEE.js"
    },
    "chunk-6ZMM2PAV": {
      "file": "chunk-6ZMM2PAV.js"
    },
    "chunk-FVPA37GV": {
      "file": "chunk-FVPA37GV.js"
    },
    "chunk-6MMAXDTD": {
      "file": "chunk-6MMAXDTD.js"
    },
    "chunk-JN3VXFJS": {
      "file": "chunk-JN3VXFJS.js"
    },
    "chunk-OHRKIP4G": {
      "file": "chunk-OHRKIP4G.js"
    },
    "chunk-KWRGRK7X": {
      "file": "chunk-KWRGRK7X.js"
    },
    "chunk-OPONFZA3": {
      "file": "chunk-OPONFZA3.js"
    },
    "chunk-L6ZY4NNY": {
      "file": "chunk-L6ZY4NNY.js"
    },
    "chunk-ERINFNV3": {
      "file": "chunk-ERINFNV3.js"
    },
    "chunk-MGOVWKJS": {
      "file": "chunk-MGOVWKJS.js"
    },
    "chunk-QRFAPQO3": {
      "file": "chunk-QRFAPQO3.js"
    },
    "chunk-SN7HBDFX": {
      "file": "chunk-SN7HBDFX.js"
    },
    "chunk-TO6ZGO4S": {
      "file": "chunk-TO6ZGO4S.js"
    },
    "chunk-RCNA3WZR": {
      "file": "chunk-RCNA3WZR.js"
    },
    "chunk-SA26UXSM": {
      "file": "chunk-SA26UXSM.js"
    },
    "chunk-74NEE2QF": {
      "file": "chunk-74NEE2QF.js"
    },
    "chunk-FZJXVMCH": {
      "file": "chunk-FZJXVMCH.js"
    },
    "chunk-B256W5QW": {
      "file": "chunk-B256W5QW.js"
    },
    "chunk-TKP3J66X": {
      "file": "chunk-TKP3J66X.js"
    },
    "chunk-5Q5YC75F": {
      "file": "chunk-5Q5YC75F.js"
    },
    "chunk-LQU5UVUU": {
      "file": "chunk-LQU5UVUU.js"
    },
    "chunk-LT73IJ6Q": {
      "file": "chunk-LT73IJ6Q.js"
    },
    "chunk-CXTKFV74": {
      "file": "chunk-CXTKFV74.js"
    },
    "chunk-HNQ2JAKP": {
      "file": "chunk-HNQ2JAKP.js"
    },
    "chunk-MANNBT4V": {
      "file": "chunk-MANNBT4V.js"
    },
    "chunk-MR5CW7VY": {
      "file": "chunk-MR5CW7VY.js"
    },
    "chunk-NZP3G7XT": {
      "file": "chunk-NZP3G7XT.js"
    },
    "chunk-DC5AMYBS": {
      "file": "chunk-DC5AMYBS.js"
    }
  }
}